{
  "ekf_config": {
    "layer_surfaces": null,
    "noise_std": 0.1,
    "B_z": 0.002,
    "num_branches": 30,
    "survive_top": 12,
    "max_cands": 11,
    "step_candidates": 1,
    "gate_multiplier": 2.7859920582472504,
    "gate_tighten": 0.12125294165469355,
    "build_graph": false
  },

  "ekfastar_config": {
    "layer_surfaces": null,
    "noise_std": 0.1,
    "B_z": 0.002,
    "max_cands": 5,
    "step_candidates": 1,
    "gate_multiplier": 1.2359727133058453,
    "beam_width": 4,
    "angle_weight": 16.143896623783718,
    "curvature_weight": 231.71871643740133,
    "trend_weight": 3.7843441730154694,
    "switch_margin": 1.6329388412261623,
    "perp_weight": 27.487168782105964,
    "flip_weight": 4.622387489269931,
    "ema_alpha": 0.5326593567061503,
    "theta_max": 0.3973609035565989,
    "taper_last_frac": 0.6176651652888814,
    "min_gate_multiplier": 0.9959181290226691
  },

  "ekfaco_config": {
    "layer_surfaces": null,
    "noise_std": 1.7859473332940061,
    "B_z": 0.002,
    "n_ants": 17,
    "n_iters": 4,
    "evap_rate": 0.8914553925963971,
    "alpha": 1.6625192994734634,
    "beta": 0.6101584772957545,
    "max_cands": 19,
    "step_candidates": 1,
    "gate_multiplier": 3.1797545714674897,
    "tau_min": 0.009289208383463117,
    "tau_max": 3.7266765928720154,
    "angle_weight": 6.600294901981256,
    "curvature_weight": 37.803601035200415,
    "rng_seed": null   
  },

  "ekfpso_config": {
    "layer_surfaces": null,
    "noise_std": 1.006910230629478,
    "B_z": 0.002,
    "n_particles": 12,
    "n_iters": 40,
    "w": 0.6234397145180628,
    "c1": 1.345755070435424,
    "c2": 1.7212442356066537,
    "max_cands": 12,
    "step_candidates": 9,
    "gate_multiplier": 2.697319050324235,
    "gate_quantile": 0.9800986349003208,
    "epsilon_greedy": 0.0,
    "eps_min": 0.14951739891052057,
    "temp0": 0.9687388087066912,
    "temp_min": 0.0865089385342353,
    "v_clamp": 1.7806003882558108,
    "patience": 5,
    "rng_seed": null
  },

  "ekfsa_config": {
    "layer_surfaces": null,
    "noise_std": 1.1337316866205427,
    "B_z": 0.002,
    "initial_temp": 1.687814261091598,
    "cooling_rate": 0.8829716638274586,
    "n_iters": 1408,
    "max_cands": 18,
    "step_candidates": 3,
    "max_no_improve": 137,
    "gate_multiplier": 2.2564721360053213,
    "gate_tighten": 0.01507665448014317,
    "time_budget_s": 6.606668966161454,
    "build_graph": false,
    "graph_stride": 26,
    "min_temp": 1.6469717003510724e-05,
    "deny_hits": null
  },

  "ekfga_config": {
    "layer_surfaces": null,
    "noise_std": 0.16489976867228825,
    "B_z": 0.002,
    "pop_size": 191,
    "n_gens": 60,
    "cx_rate": 0.5810034540241225,
    "mut_rate": 0.35869478414794187,
    "max_cands": 7,
    "step_candidates": 4,
    "elite_frac": 0.10630848771651738,
    "tournament_k": 2,
    "patience": 7,
    "rng_seed": null
  },

  "ekfhungarian_config": {
    "layer_surfaces": null,
    "noise_std": 0.1,
    "B_z": 0.002,
    "max_cands": 19,
    "beam_size": 2,
    "step_candidates": 1,
    "gate_multiplier": 2.53747148235337,
    "gate_tighten": 0.35509477576512116,
    "build_graph": false
  }
}